<application>
  <component name="com.intellij.ide.ui.customization.CustomActionsSchema">
    <group value="Git.Fetch" is_action="true" action_type="1" position="2">
      <path value="root" />
      <path value="VCS Local Changes Toolbar" />
      <option name="myInitialPosition" value="-1" />
    </group>
    <group value="Git.Fetch" is_action="true" action_type="1" position="3">
      <path value="root" />
      <path value="Main Toolbar" />
      <path value="MainToolBarSettings" />
      <path value="VCS Actions" />
      <option name="myInitialPosition" value="-1" />
    </group>
  </component>
</application>