<application>
  <component name="MaterialThemeConfig">
    <option name="compactMenus" value="true" />
    <option name="compactStatusBar" value="true" />
    <option name="compactTables" value="true" />
    <option name="customTreeIndentEnabled" value="true" />
    <option name="compactDropdowns" value="true" />
    <option name="isCompactMenus" value="true" />
    <option name="isCompactStatusBar" value="true" />
    <option name="isCompactTables" value="true" />
    <option name="isCustomTreeIndentEnabled" value="true" />
    <option name="pristineConfig" value="false" />
    <option name="indicatorThickness" value="3" />
    <option name="leftTreeIndent" value="2" />
    <option name="rightTreeIndent" value="6" />
    <option name="settingsSelectedTab" value="2" />
    <option name="accentColor" value="009688" />
    <option name="userId" value="-c2e94ab:17158749ca9:-8000" />
    <option name="version" value="5.2.0" />
  </component>
</application>