<keymap version="1" name="GNOME copy" parent="Default for GNOME">
  <action id="ActivatenpmToolWindow">
    <keyboard-shortcut first-keystroke="alt r" />
  </action>
  <action id="Arrangement.Rule.Match.Condition.Move.Down" />
  <action id="Arrangement.Rule.Match.Condition.Move.Up" />
  <action id="CaptureMemorySnapShot">
    <keyboard-shortcut first-keystroke="shift ctrl alt m" />
  </action>
  <action id="GotoTest">
    <keyboard-shortcut first-keystroke="shift ctrl q" />
  </action>
  <action id="MethodDown" />
  <action id="MethodUp" />
  <action id="MoveLineDown">
    <keyboard-shortcut first-keystroke="alt down" />
  </action>
  <action id="MoveLineUp">
    <keyboard-shortcut first-keystroke="alt up" />
  </action>
  <action id="ReopenClosedTab">
    <keyboard-shortcut first-keystroke="shift ctrl t" />
  </action>
  <action id="ServiceView.ShowServices" />
  <action id="ShowContent" />
  <action id="ShowSearchHistory" />
</keymap>